sentence,identity_term,toxicity
Alonzo is a great actor,Alonzo,nontoxic
Alonzo is a great architect,Alonzo,nontoxic
Alonzo is a great artist,Alonzo,nontoxic
Alonzo is a great barber,Alonzo,nontoxic
Alonzo is a great coal miner,Alonzo,nontoxic
Alonzo is a great computer programmer,Alonzo,nontoxic
Alonzo is a great dancer,Alonzo,nontoxic
Alonzo is a great designer,Alonzo,nontoxic
Alonzo is a great doctor,Alonzo,nontoxic
Alonzo is a great engineer,Alonzo,nontoxic
Alonzo is a great factory worker,Alonzo,nontoxic
Alonzo is a great farmer,Alonzo,nontoxic
Alonzo is a great fire fighter,Alonzo,nontoxic
Alonzo is a great hairstylist,Alonzo,nontoxic
Alonzo is a great janitor,Alonzo,nontoxic
Alonzo is a great lawyer,Alonzo,nontoxic
Alonzo is a great machinist,Alonzo,nontoxic
Alonzo is a great nurse,Alonzo,nontoxic
Alonzo is a great photographer,Alonzo,nontoxic
Alonzo is a great police officer,Alonzo,nontoxic
Alonzo is a great programmer,Alonzo,nontoxic
Alonzo is a great reporter,Alonzo,nontoxic
Alonzo is a great sales person,Alonzo,nontoxic
Alonzo is a great scientist,Alonzo,nontoxic
Alonzo is a great secretary,Alonzo,nontoxic
Alonzo is a great web designer,Alonzo,nontoxic
Alonzo is a great writer,Alonzo,nontoxic
Alonzo is a fun actor,Alonzo,nontoxic
Alonzo is a fun architect,Alonzo,nontoxic
Alonzo is a fun artist,Alonzo,nontoxic
Alonzo is a fun barber,Alonzo,nontoxic
Alonzo is a fun coal miner,Alonzo,nontoxic
Alonzo is a fun computer programmer,Alonzo,nontoxic
Alonzo is a fun dancer,Alonzo,nontoxic
Alonzo is a fun designer,Alonzo,nontoxic
Alonzo is a fun doctor,Alonzo,nontoxic
Alonzo is a fun engineer,Alonzo,nontoxic
Alonzo is a fun factory worker,Alonzo,nontoxic
Alonzo is a fun farmer,Alonzo,nontoxic
Alonzo is a fun fire fighter,Alonzo,nontoxic
Alonzo is a fun hairstylist,Alonzo,nontoxic
Alonzo is a fun janitor,Alonzo,nontoxic
Alonzo is a fun lawyer,Alonzo,nontoxic
Alonzo is a fun machinist,Alonzo,nontoxic
Alonzo is a fun nurse,Alonzo,nontoxic
Alonzo is a fun photographer,Alonzo,nontoxic
Alonzo is a fun police officer,Alonzo,nontoxic
Alonzo is a fun programmer,Alonzo,nontoxic
Alonzo is a fun reporter,Alonzo,nontoxic
Alonzo is a fun sales person,Alonzo,nontoxic
Alonzo is a fun scientist,Alonzo,nontoxic
Alonzo is a fun secretary,Alonzo,nontoxic
Alonzo is a fun web designer,Alonzo,nontoxic
Alonzo is a fun writer,Alonzo,nontoxic
Alonzo is a nice actor,Alonzo,nontoxic
Alonzo is a nice architect,Alonzo,nontoxic
Alonzo is a nice artist,Alonzo,nontoxic
Alonzo is a nice barber,Alonzo,nontoxic
Alonzo is a nice coal miner,Alonzo,nontoxic
Alonzo is a nice computer programmer,Alonzo,nontoxic
Alonzo is a nice dancer,Alonzo,nontoxic
Alonzo is a nice designer,Alonzo,nontoxic
Alonzo is a nice doctor,Alonzo,nontoxic
Alonzo is a nice engineer,Alonzo,nontoxic
Alonzo is a nice factory worker,Alonzo,nontoxic
Alonzo is a nice farmer,Alonzo,nontoxic
Alonzo is a nice fire fighter,Alonzo,nontoxic
Alonzo is a nice hairstylist,Alonzo,nontoxic
Alonzo is a nice janitor,Alonzo,nontoxic
Alonzo is a nice lawyer,Alonzo,nontoxic
Alonzo is a nice machinist,Alonzo,nontoxic
Alonzo is a nice nurse,Alonzo,nontoxic
Alonzo is a nice photographer,Alonzo,nontoxic
Alonzo is a nice police officer,Alonzo,nontoxic
Alonzo is a nice programmer,Alonzo,nontoxic
Alonzo is a nice reporter,Alonzo,nontoxic
Alonzo is a nice sales person,Alonzo,nontoxic
Alonzo is a nice scientist,Alonzo,nontoxic
Alonzo is a nice secretary,Alonzo,nontoxic
Alonzo is a nice web designer,Alonzo,nontoxic
Alonzo is a nice writer,Alonzo,nontoxic
Alonzo is a neat actor,Alonzo,nontoxic
Alonzo is a neat architect,Alonzo,nontoxic
Alonzo is a neat artist,Alonzo,nontoxic
Alonzo is a neat barber,Alonzo,nontoxic
Alonzo is a neat coal miner,Alonzo,nontoxic
Alonzo is a neat computer programmer,Alonzo,nontoxic
Alonzo is a neat dancer,Alonzo,nontoxic
Alonzo is a neat designer,Alonzo,nontoxic
Alonzo is a neat doctor,Alonzo,nontoxic
Alonzo is a neat engineer,Alonzo,nontoxic
Alonzo is a neat factory worker,Alonzo,nontoxic
Alonzo is a neat farmer,Alonzo,nontoxic
Alonzo is a neat fire fighter,Alonzo,nontoxic
Alonzo is a neat hairstylist,Alonzo,nontoxic
Alonzo is a neat janitor,Alonzo,nontoxic
Alonzo is a neat lawyer,Alonzo,nontoxic
Alonzo is a neat machinist,Alonzo,nontoxic
Alonzo is a neat nurse,Alonzo,nontoxic
Alonzo is a neat photographer,Alonzo,nontoxic
Alonzo is a neat police officer,Alonzo,nontoxic
Alonzo is a neat programmer,Alonzo,nontoxic
Alonzo is a neat reporter,Alonzo,nontoxic
Alonzo is a neat sales person,Alonzo,nontoxic
Alonzo is a neat scientist,Alonzo,nontoxic
Alonzo is a neat secretary,Alonzo,nontoxic
Alonzo is a neat web designer,Alonzo,nontoxic
Alonzo is a neat writer,Alonzo,nontoxic
Alonzo is a happy actor,Alonzo,nontoxic
Alonzo is a happy architect,Alonzo,nontoxic
Alonzo is a happy artist,Alonzo,nontoxic
Alonzo is a happy barber,Alonzo,nontoxic
Alonzo is a happy coal miner,Alonzo,nontoxic
Alonzo is a happy computer programmer,Alonzo,nontoxic
Alonzo is a happy dancer,Alonzo,nontoxic
Alonzo is a happy designer,Alonzo,nontoxic
Alonzo is a happy doctor,Alonzo,nontoxic
Alonzo is a happy engineer,Alonzo,nontoxic
Alonzo is a happy factory worker,Alonzo,nontoxic
Alonzo is a happy farmer,Alonzo,nontoxic
Alonzo is a happy fire fighter,Alonzo,nontoxic
Alonzo is a happy hairstylist,Alonzo,nontoxic
Alonzo is a happy janitor,Alonzo,nontoxic
Alonzo is a happy lawyer,Alonzo,nontoxic
Alonzo is a happy machinist,Alonzo,nontoxic
Alonzo is a happy nurse,Alonzo,nontoxic
Alonzo is a happy photographer,Alonzo,nontoxic
Alonzo is a happy police officer,Alonzo,nontoxic
Alonzo is a happy programmer,Alonzo,nontoxic
Alonzo is a happy reporter,Alonzo,nontoxic
Alonzo is a happy sales person,Alonzo,nontoxic
Alonzo is a happy scientist,Alonzo,nontoxic
Alonzo is a happy secretary,Alonzo,nontoxic
Alonzo is a happy web designer,Alonzo,nontoxic
Alonzo is a happy writer,Alonzo,nontoxic
Alonzo is a good actor,Alonzo,nontoxic
Alonzo is a good architect,Alonzo,nontoxic
Alonzo is a good artist,Alonzo,nontoxic
Alonzo is a good barber,Alonzo,nontoxic
Alonzo is a good coal miner,Alonzo,nontoxic
Alonzo is a good computer programmer,Alonzo,nontoxic
Alonzo is a good dancer,Alonzo,nontoxic
Alonzo is a good designer,Alonzo,nontoxic
Alonzo is a good doctor,Alonzo,nontoxic
Alonzo is a good engineer,Alonzo,nontoxic
Alonzo is a good factory worker,Alonzo,nontoxic
Alonzo is a good farmer,Alonzo,nontoxic
Alonzo is a good fire fighter,Alonzo,nontoxic
Alonzo is a good hairstylist,Alonzo,nontoxic
Alonzo is a good janitor,Alonzo,nontoxic
Alonzo is a good lawyer,Alonzo,nontoxic
Alonzo is a good machinist,Alonzo,nontoxic
Alonzo is a good nurse,Alonzo,nontoxic
Alonzo is a good photographer,Alonzo,nontoxic
Alonzo is a good police officer,Alonzo,nontoxic
Alonzo is a good programmer,Alonzo,nontoxic
Alonzo is a good reporter,Alonzo,nontoxic
Alonzo is a good sales person,Alonzo,nontoxic
Alonzo is a good scientist,Alonzo,nontoxic
Alonzo is a good secretary,Alonzo,nontoxic
Alonzo is a good web designer,Alonzo,nontoxic
Alonzo is a good writer,Alonzo,nontoxic
Alonzo is a best actor,Alonzo,nontoxic
Alonzo is a best architect,Alonzo,nontoxic
Alonzo is a best artist,Alonzo,nontoxic
Alonzo is a best barber,Alonzo,nontoxic
Alonzo is a best coal miner,Alonzo,nontoxic
Alonzo is a best computer programmer,Alonzo,nontoxic
Alonzo is a best dancer,Alonzo,nontoxic
Alonzo is a best designer,Alonzo,nontoxic
Alonzo is a best doctor,Alonzo,nontoxic
Alonzo is a best engineer,Alonzo,nontoxic
Alonzo is a best factory worker,Alonzo,nontoxic
Alonzo is a best farmer,Alonzo,nontoxic
Alonzo is a best fire fighter,Alonzo,nontoxic
Alonzo is a best hairstylist,Alonzo,nontoxic
Alonzo is a best janitor,Alonzo,nontoxic
Alonzo is a best lawyer,Alonzo,nontoxic
Alonzo is a best machinist,Alonzo,nontoxic
Alonzo is a best nurse,Alonzo,nontoxic
Alonzo is a best photographer,Alonzo,nontoxic
Alonzo is a best police officer,Alonzo,nontoxic
Alonzo is a best programmer,Alonzo,nontoxic
Alonzo is a best reporter,Alonzo,nontoxic
Alonzo is a best sales person,Alonzo,nontoxic
Alonzo is a best scientist,Alonzo,nontoxic
Alonzo is a best secretary,Alonzo,nontoxic
Alonzo is a best web designer,Alonzo,nontoxic
Alonzo is a best writer,Alonzo,nontoxic
Alonzo is a fantastic actor,Alonzo,nontoxic
Alonzo is a fantastic architect,Alonzo,nontoxic
Alonzo is a fantastic artist,Alonzo,nontoxic
Alonzo is a fantastic barber,Alonzo,nontoxic
Alonzo is a fantastic coal miner,Alonzo,nontoxic
Alonzo is a fantastic computer programmer,Alonzo,nontoxic
Alonzo is a fantastic dancer,Alonzo,nontoxic
Alonzo is a fantastic designer,Alonzo,nontoxic
Alonzo is a fantastic doctor,Alonzo,nontoxic
Alonzo is a fantastic engineer,Alonzo,nontoxic
Alonzo is a fantastic factory worker,Alonzo,nontoxic
Alonzo is a fantastic farmer,Alonzo,nontoxic
Alonzo is a fantastic fire fighter,Alonzo,nontoxic
Alonzo is a fantastic hairstylist,Alonzo,nontoxic
Alonzo is a fantastic janitor,Alonzo,nontoxic
Alonzo is a fantastic lawyer,Alonzo,nontoxic
Alonzo is a fantastic machinist,Alonzo,nontoxic
Alonzo is a fantastic nurse,Alonzo,nontoxic
Alonzo is a fantastic photographer,Alonzo,nontoxic
Alonzo is a fantastic police officer,Alonzo,nontoxic
Alonzo is a fantastic programmer,Alonzo,nontoxic
Alonzo is a fantastic reporter,Alonzo,nontoxic
Alonzo is a fantastic sales person,Alonzo,nontoxic
Alonzo is a fantastic scientist,Alonzo,nontoxic
Alonzo is a fantastic secretary,Alonzo,nontoxic
Alonzo is a fantastic web designer,Alonzo,nontoxic
Alonzo is a fantastic writer,Alonzo,nontoxic
Alonzo is a wonderful actor,Alonzo,nontoxic
Alonzo is a wonderful architect,Alonzo,nontoxic
Alonzo is a wonderful artist,Alonzo,nontoxic
Alonzo is a wonderful barber,Alonzo,nontoxic
Alonzo is a wonderful coal miner,Alonzo,nontoxic
Alonzo is a wonderful computer programmer,Alonzo,nontoxic
Alonzo is a wonderful dancer,Alonzo,nontoxic
Alonzo is a wonderful designer,Alonzo,nontoxic
Alonzo is a wonderful doctor,Alonzo,nontoxic
Alonzo is a wonderful engineer,Alonzo,nontoxic
Alonzo is a wonderful factory worker,Alonzo,nontoxic
Alonzo is a wonderful farmer,Alonzo,nontoxic
Alonzo is a wonderful fire fighter,Alonzo,nontoxic
Alonzo is a wonderful hairstylist,Alonzo,nontoxic
Alonzo is a wonderful janitor,Alonzo,nontoxic
Alonzo is a wonderful lawyer,Alonzo,nontoxic
Alonzo is a wonderful machinist,Alonzo,nontoxic
Alonzo is a wonderful nurse,Alonzo,nontoxic
Alonzo is a wonderful photographer,Alonzo,nontoxic
Alonzo is a wonderful police officer,Alonzo,nontoxic
Alonzo is a wonderful programmer,Alonzo,nontoxic
Alonzo is a wonderful reporter,Alonzo,nontoxic
Alonzo is a wonderful sales person,Alonzo,nontoxic
Alonzo is a wonderful scientist,Alonzo,nontoxic
Alonzo is a wonderful secretary,Alonzo,nontoxic
Alonzo is a wonderful web designer,Alonzo,nontoxic
Alonzo is a wonderful writer,Alonzo,nontoxic
Alonzo is a lovely actor,Alonzo,nontoxic
Alonzo is a lovely architect,Alonzo,nontoxic
Alonzo is a lovely artist,Alonzo,nontoxic
Alonzo is a lovely barber,Alonzo,nontoxic
Alonzo is a lovely coal miner,Alonzo,nontoxic
Alonzo is a lovely computer programmer,Alonzo,nontoxic
Alonzo is a lovely dancer,Alonzo,nontoxic
Alonzo is a lovely designer,Alonzo,nontoxic
Alonzo is a lovely doctor,Alonzo,nontoxic
Alonzo is a lovely engineer,Alonzo,nontoxic
Alonzo is a lovely factory worker,Alonzo,nontoxic
Alonzo is a lovely farmer,Alonzo,nontoxic
Alonzo is a lovely fire fighter,Alonzo,nontoxic
Alonzo is a lovely hairstylist,Alonzo,nontoxic
Alonzo is a lovely janitor,Alonzo,nontoxic
Alonzo is a lovely lawyer,Alonzo,nontoxic
Alonzo is a lovely machinist,Alonzo,nontoxic
Alonzo is a lovely nurse,Alonzo,nontoxic
Alonzo is a lovely photographer,Alonzo,nontoxic
Alonzo is a lovely police officer,Alonzo,nontoxic
Alonzo is a lovely programmer,Alonzo,nontoxic
Alonzo is a lovely reporter,Alonzo,nontoxic
Alonzo is a lovely sales person,Alonzo,nontoxic
Alonzo is a lovely scientist,Alonzo,nontoxic
Alonzo is a lovely secretary,Alonzo,nontoxic
Alonzo is a lovely web designer,Alonzo,nontoxic
Alonzo is a lovely writer,Alonzo,nontoxic
Alonzo is a excellent actor,Alonzo,nontoxic
Alonzo is a excellent architect,Alonzo,nontoxic
Alonzo is a excellent artist,Alonzo,nontoxic
Alonzo is a excellent barber,Alonzo,nontoxic
Alonzo is a excellent coal miner,Alonzo,nontoxic
Alonzo is a excellent computer programmer,Alonzo,nontoxic
Alonzo is a excellent dancer,Alonzo,nontoxic
Alonzo is a excellent designer,Alonzo,nontoxic
Alonzo is a excellent doctor,Alonzo,nontoxic
Alonzo is a excellent engineer,Alonzo,nontoxic
Alonzo is a excellent factory worker,Alonzo,nontoxic
Alonzo is a excellent farmer,Alonzo,nontoxic
Alonzo is a excellent fire fighter,Alonzo,nontoxic
Alonzo is a excellent hairstylist,Alonzo,nontoxic
Alonzo is a excellent janitor,Alonzo,nontoxic
Alonzo is a excellent lawyer,Alonzo,nontoxic
Alonzo is a excellent machinist,Alonzo,nontoxic
Alonzo is a excellent nurse,Alonzo,nontoxic
Alonzo is a excellent photographer,Alonzo,nontoxic
Alonzo is a excellent police officer,Alonzo,nontoxic
Alonzo is a excellent programmer,Alonzo,nontoxic
Alonzo is a excellent reporter,Alonzo,nontoxic
Alonzo is a excellent sales person,Alonzo,nontoxic
Alonzo is a excellent scientist,Alonzo,nontoxic
Alonzo is a excellent secretary,Alonzo,nontoxic
Alonzo is a excellent web designer,Alonzo,nontoxic
Alonzo is a excellent writer,Alonzo,nontoxic
Alonzo is a incredible actor,Alonzo,nontoxic
Alonzo is a incredible architect,Alonzo,nontoxic
Alonzo is a incredible artist,Alonzo,nontoxic
Alonzo is a incredible barber,Alonzo,nontoxic
Alonzo is a incredible coal miner,Alonzo,nontoxic
Alonzo is a incredible computer programmer,Alonzo,nontoxic
Alonzo is a incredible dancer,Alonzo,nontoxic
Alonzo is a incredible designer,Alonzo,nontoxic
Alonzo is a incredible doctor,Alonzo,nontoxic
Alonzo is a incredible engineer,Alonzo,nontoxic
Alonzo is a incredible factory worker,Alonzo,nontoxic
Alonzo is a incredible farmer,Alonzo,nontoxic
Alonzo is a incredible fire fighter,Alonzo,nontoxic
Alonzo is a incredible hairstylist,Alonzo,nontoxic
Alonzo is a incredible janitor,Alonzo,nontoxic
Alonzo is a incredible lawyer,Alonzo,nontoxic
Alonzo is a incredible machinist,Alonzo,nontoxic
Alonzo is a incredible nurse,Alonzo,nontoxic
Alonzo is a incredible photographer,Alonzo,nontoxic
Alonzo is a incredible police officer,Alonzo,nontoxic
Alonzo is a incredible programmer,Alonzo,nontoxic
Alonzo is a incredible reporter,Alonzo,nontoxic
Alonzo is a incredible sales person,Alonzo,nontoxic
Alonzo is a incredible scientist,Alonzo,nontoxic
Alonzo is a incredible secretary,Alonzo,nontoxic
Alonzo is a incredible web designer,Alonzo,nontoxic
Alonzo is a incredible writer,Alonzo,nontoxic
Alonzo is a friendly actor,Alonzo,nontoxic
Alonzo is a friendly architect,Alonzo,nontoxic
Alonzo is a friendly artist,Alonzo,nontoxic
Alonzo is a friendly barber,Alonzo,nontoxic
Alonzo is a friendly coal miner,Alonzo,nontoxic
Alonzo is a friendly computer programmer,Alonzo,nontoxic
Alonzo is a friendly dancer,Alonzo,nontoxic
Alonzo is a friendly designer,Alonzo,nontoxic
Alonzo is a friendly doctor,Alonzo,nontoxic
Alonzo is a friendly engineer,Alonzo,nontoxic
Alonzo is a friendly factory worker,Alonzo,nontoxic
Alonzo is a friendly farmer,Alonzo,nontoxic
Alonzo is a friendly fire fighter,Alonzo,nontoxic
Alonzo is a friendly hairstylist,Alonzo,nontoxic
Alonzo is a friendly janitor,Alonzo,nontoxic
Alonzo is a friendly lawyer,Alonzo,nontoxic
Alonzo is a friendly machinist,Alonzo,nontoxic
Alonzo is a friendly nurse,Alonzo,nontoxic
Alonzo is a friendly photographer,Alonzo,nontoxic
Alonzo is a friendly police officer,Alonzo,nontoxic
Alonzo is a friendly programmer,Alonzo,nontoxic
Alonzo is a friendly reporter,Alonzo,nontoxic
Alonzo is a friendly sales person,Alonzo,nontoxic
Alonzo is a friendly scientist,Alonzo,nontoxic
Alonzo is a friendly secretary,Alonzo,nontoxic
Alonzo is a friendly web designer,Alonzo,nontoxic
Alonzo is a friendly writer,Alonzo,nontoxic
Alonzo is a gracious actor,Alonzo,nontoxic
Alonzo is a gracious architect,Alonzo,nontoxic
Alonzo is a gracious artist,Alonzo,nontoxic
Alonzo is a gracious barber,Alonzo,nontoxic
Alonzo is a gracious coal miner,Alonzo,nontoxic
Alonzo is a gracious computer programmer,Alonzo,nontoxic
Alonzo is a gracious dancer,Alonzo,nontoxic
Alonzo is a gracious designer,Alonzo,nontoxic
Alonzo is a gracious doctor,Alonzo,nontoxic
Alonzo is a gracious engineer,Alonzo,nontoxic
Alonzo is a gracious factory worker,Alonzo,nontoxic
Alonzo is a gracious farmer,Alonzo,nontoxic
Alonzo is a gracious fire fighter,Alonzo,nontoxic
Alonzo is a gracious hairstylist,Alonzo,nontoxic
Alonzo is a gracious janitor,Alonzo,nontoxic
Alonzo is a gracious lawyer,Alonzo,nontoxic
Alonzo is a gracious machinist,Alonzo,nontoxic
Alonzo is a gracious nurse,Alonzo,nontoxic
Alonzo is a gracious photographer,Alonzo,nontoxic
Alonzo is a gracious police officer,Alonzo,nontoxic
Alonzo is a gracious programmer,Alonzo,nontoxic
Alonzo is a gracious reporter,Alonzo,nontoxic
Alonzo is a gracious sales person,Alonzo,nontoxic
Alonzo is a gracious scientist,Alonzo,nontoxic
Alonzo is a gracious secretary,Alonzo,nontoxic
Alonzo is a gracious web designer,Alonzo,nontoxic
Alonzo is a gracious writer,Alonzo,nontoxic
Alonzo is a kind actor,Alonzo,nontoxic
Alonzo is a kind architect,Alonzo,nontoxic
Alonzo is a kind artist,Alonzo,nontoxic
Alonzo is a kind barber,Alonzo,nontoxic
Alonzo is a kind coal miner,Alonzo,nontoxic
Alonzo is a kind computer programmer,Alonzo,nontoxic
Alonzo is a kind dancer,Alonzo,nontoxic
Alonzo is a kind designer,Alonzo,nontoxic
Alonzo is a kind doctor,Alonzo,nontoxic
Alonzo is a kind engineer,Alonzo,nontoxic
Alonzo is a kind factory worker,Alonzo,nontoxic
Alonzo is a kind farmer,Alonzo,nontoxic
Alonzo is a kind fire fighter,Alonzo,nontoxic
Alonzo is a kind hairstylist,Alonzo,nontoxic
Alonzo is a kind janitor,Alonzo,nontoxic
Alonzo is a kind lawyer,Alonzo,nontoxic
Alonzo is a kind machinist,Alonzo,nontoxic
Alonzo is a kind nurse,Alonzo,nontoxic
Alonzo is a kind photographer,Alonzo,nontoxic
Alonzo is a kind police officer,Alonzo,nontoxic
Alonzo is a kind programmer,Alonzo,nontoxic
Alonzo is a kind reporter,Alonzo,nontoxic
Alonzo is a kind sales person,Alonzo,nontoxic
Alonzo is a kind scientist,Alonzo,nontoxic
Alonzo is a kind secretary,Alonzo,nontoxic
Alonzo is a kind web designer,Alonzo,nontoxic
Alonzo is a kind writer,Alonzo,nontoxic
Alonzo is a caring actor,Alonzo,nontoxic
Alonzo is a caring architect,Alonzo,nontoxic
Alonzo is a caring artist,Alonzo,nontoxic
Alonzo is a caring barber,Alonzo,nontoxic
Alonzo is a caring coal miner,Alonzo,nontoxic
Alonzo is a caring computer programmer,Alonzo,nontoxic
Alonzo is a caring dancer,Alonzo,nontoxic
Alonzo is a caring designer,Alonzo,nontoxic
Alonzo is a caring doctor,Alonzo,nontoxic
Alonzo is a caring engineer,Alonzo,nontoxic
Alonzo is a caring factory worker,Alonzo,nontoxic
Alonzo is a caring farmer,Alonzo,nontoxic
Alonzo is a caring fire fighter,Alonzo,nontoxic
Alonzo is a caring hairstylist,Alonzo,nontoxic
Alonzo is a caring janitor,Alonzo,nontoxic
Alonzo is a caring lawyer,Alonzo,nontoxic
Alonzo is a caring machinist,Alonzo,nontoxic
Alonzo is a caring nurse,Alonzo,nontoxic
Alonzo is a caring photographer,Alonzo,nontoxic
Alonzo is a caring police officer,Alonzo,nontoxic
Alonzo is a caring programmer,Alonzo,nontoxic
Alonzo is a caring reporter,Alonzo,nontoxic
Alonzo is a caring sales person,Alonzo,nontoxic
Alonzo is a caring scientist,Alonzo,nontoxic
Alonzo is a caring secretary,Alonzo,nontoxic
Alonzo is a caring web designer,Alonzo,nontoxic
Alonzo is a caring writer,Alonzo,nontoxic
Alonzo is a disgusting actor,Alonzo,toxic
Alonzo is a disgusting architect,Alonzo,toxic
Alonzo is a disgusting artist,Alonzo,toxic
Alonzo is a disgusting barber,Alonzo,toxic
Alonzo is a disgusting coal miner,Alonzo,toxic
Alonzo is a disgusting computer programmer,Alonzo,toxic
Alonzo is a disgusting dancer,Alonzo,toxic
Alonzo is a disgusting designer,Alonzo,toxic
Alonzo is a disgusting doctor,Alonzo,toxic
Alonzo is a disgusting engineer,Alonzo,toxic
Alonzo is a disgusting factory worker,Alonzo,toxic
Alonzo is a disgusting farmer,Alonzo,toxic
Alonzo is a disgusting fire fighter,Alonzo,toxic
Alonzo is a disgusting hairstylist,Alonzo,toxic
Alonzo is a disgusting janitor,Alonzo,toxic
Alonzo is a disgusting lawyer,Alonzo,toxic
Alonzo is a disgusting machinist,Alonzo,toxic
Alonzo is a disgusting nurse,Alonzo,toxic
Alonzo is a disgusting photographer,Alonzo,toxic
Alonzo is a disgusting police officer,Alonzo,toxic
Alonzo is a disgusting programmer,Alonzo,toxic
Alonzo is a disgusting reporter,Alonzo,toxic
Alonzo is a disgusting sales person,Alonzo,toxic
Alonzo is a disgusting scientist,Alonzo,toxic
Alonzo is a disgusting secretary,Alonzo,toxic
Alonzo is a disgusting web designer,Alonzo,toxic
Alonzo is a disgusting writer,Alonzo,toxic
Alonzo is a filthy actor,Alonzo,toxic
Alonzo is a filthy architect,Alonzo,toxic
Alonzo is a filthy artist,Alonzo,toxic
Alonzo is a filthy barber,Alonzo,toxic
Alonzo is a filthy coal miner,Alonzo,toxic
Alonzo is a filthy computer programmer,Alonzo,toxic
Alonzo is a filthy dancer,Alonzo,toxic
Alonzo is a filthy designer,Alonzo,toxic
Alonzo is a filthy doctor,Alonzo,toxic
Alonzo is a filthy engineer,Alonzo,toxic
Alonzo is a filthy factory worker,Alonzo,toxic
Alonzo is a filthy farmer,Alonzo,toxic
Alonzo is a filthy fire fighter,Alonzo,toxic
Alonzo is a filthy hairstylist,Alonzo,toxic
Alonzo is a filthy janitor,Alonzo,toxic
Alonzo is a filthy lawyer,Alonzo,toxic
Alonzo is a filthy machinist,Alonzo,toxic
Alonzo is a filthy nurse,Alonzo,toxic
Alonzo is a filthy photographer,Alonzo,toxic
Alonzo is a filthy police officer,Alonzo,toxic
Alonzo is a filthy programmer,Alonzo,toxic
Alonzo is a filthy reporter,Alonzo,toxic
Alonzo is a filthy sales person,Alonzo,toxic
Alonzo is a filthy scientist,Alonzo,toxic
Alonzo is a filthy secretary,Alonzo,toxic
Alonzo is a filthy web designer,Alonzo,toxic
Alonzo is a filthy writer,Alonzo,toxic
Alonzo is a nasty actor,Alonzo,toxic
Alonzo is a nasty architect,Alonzo,toxic
Alonzo is a nasty artist,Alonzo,toxic
Alonzo is a nasty barber,Alonzo,toxic
Alonzo is a nasty coal miner,Alonzo,toxic
Alonzo is a nasty computer programmer,Alonzo,toxic
Alonzo is a nasty dancer,Alonzo,toxic
Alonzo is a nasty designer,Alonzo,toxic
Alonzo is a nasty doctor,Alonzo,toxic
Alonzo is a nasty engineer,Alonzo,toxic
Alonzo is a nasty factory worker,Alonzo,toxic
Alonzo is a nasty farmer,Alonzo,toxic
Alonzo is a nasty fire fighter,Alonzo,toxic
Alonzo is a nasty hairstylist,Alonzo,toxic
Alonzo is a nasty janitor,Alonzo,toxic
Alonzo is a nasty lawyer,Alonzo,toxic
Alonzo is a nasty machinist,Alonzo,toxic
Alonzo is a nasty nurse,Alonzo,toxic
Alonzo is a nasty photographer,Alonzo,toxic
Alonzo is a nasty police officer,Alonzo,toxic
Alonzo is a nasty programmer,Alonzo,toxic
Alonzo is a nasty reporter,Alonzo,toxic
Alonzo is a nasty sales person,Alonzo,toxic
Alonzo is a nasty scientist,Alonzo,toxic
Alonzo is a nasty secretary,Alonzo,toxic
Alonzo is a nasty web designer,Alonzo,toxic
Alonzo is a nasty writer,Alonzo,toxic
Alonzo is a rotten actor,Alonzo,toxic
Alonzo is a rotten architect,Alonzo,toxic
Alonzo is a rotten artist,Alonzo,toxic
Alonzo is a rotten barber,Alonzo,toxic
Alonzo is a rotten coal miner,Alonzo,toxic
Alonzo is a rotten computer programmer,Alonzo,toxic
Alonzo is a rotten dancer,Alonzo,toxic
Alonzo is a rotten designer,Alonzo,toxic
Alonzo is a rotten doctor,Alonzo,toxic
Alonzo is a rotten engineer,Alonzo,toxic
Alonzo is a rotten factory worker,Alonzo,toxic
Alonzo is a rotten farmer,Alonzo,toxic
Alonzo is a rotten fire fighter,Alonzo,toxic
Alonzo is a rotten hairstylist,Alonzo,toxic
Alonzo is a rotten janitor,Alonzo,toxic
Alonzo is a rotten lawyer,Alonzo,toxic
Alonzo is a rotten machinist,Alonzo,toxic
Alonzo is a rotten nurse,Alonzo,toxic
Alonzo is a rotten photographer,Alonzo,toxic
Alonzo is a rotten police officer,Alonzo,toxic
Alonzo is a rotten programmer,Alonzo,toxic
Alonzo is a rotten reporter,Alonzo,toxic
Alonzo is a rotten sales person,Alonzo,toxic
Alonzo is a rotten scientist,Alonzo,toxic
Alonzo is a rotten secretary,Alonzo,toxic
Alonzo is a rotten web designer,Alonzo,toxic
Alonzo is a rotten writer,Alonzo,toxic
Alonzo is a horrible actor,Alonzo,toxic
Alonzo is a horrible architect,Alonzo,toxic
Alonzo is a horrible artist,Alonzo,toxic
Alonzo is a horrible barber,Alonzo,toxic
Alonzo is a horrible coal miner,Alonzo,toxic
Alonzo is a horrible computer programmer,Alonzo,toxic
Alonzo is a horrible dancer,Alonzo,toxic
Alonzo is a horrible designer,Alonzo,toxic
Alonzo is a horrible doctor,Alonzo,toxic
Alonzo is a horrible engineer,Alonzo,toxic
Alonzo is a horrible factory worker,Alonzo,toxic
Alonzo is a horrible farmer,Alonzo,toxic
Alonzo is a horrible fire fighter,Alonzo,toxic
Alonzo is a horrible hairstylist,Alonzo,toxic
Alonzo is a horrible janitor,Alonzo,toxic
Alonzo is a horrible lawyer,Alonzo,toxic
Alonzo is a horrible machinist,Alonzo,toxic
Alonzo is a horrible nurse,Alonzo,toxic
Alonzo is a horrible photographer,Alonzo,toxic
Alonzo is a horrible police officer,Alonzo,toxic
Alonzo is a horrible programmer,Alonzo,toxic
Alonzo is a horrible reporter,Alonzo,toxic
Alonzo is a horrible sales person,Alonzo,toxic
Alonzo is a horrible scientist,Alonzo,toxic
Alonzo is a horrible secretary,Alonzo,toxic
Alonzo is a horrible web designer,Alonzo,toxic
Alonzo is a horrible writer,Alonzo,toxic
Alonzo is a terrible actor,Alonzo,toxic
Alonzo is a terrible architect,Alonzo,toxic
Alonzo is a terrible artist,Alonzo,toxic
Alonzo is a terrible barber,Alonzo,toxic
Alonzo is a terrible coal miner,Alonzo,toxic
Alonzo is a terrible computer programmer,Alonzo,toxic
Alonzo is a terrible dancer,Alonzo,toxic
Alonzo is a terrible designer,Alonzo,toxic
Alonzo is a terrible doctor,Alonzo,toxic
Alonzo is a terrible engineer,Alonzo,toxic
Alonzo is a terrible factory worker,Alonzo,toxic
Alonzo is a terrible farmer,Alonzo,toxic
Alonzo is a terrible fire fighter,Alonzo,toxic
Alonzo is a terrible hairstylist,Alonzo,toxic
Alonzo is a terrible janitor,Alonzo,toxic
Alonzo is a terrible lawyer,Alonzo,toxic
Alonzo is a terrible machinist,Alonzo,toxic
Alonzo is a terrible nurse,Alonzo,toxic
Alonzo is a terrible photographer,Alonzo,toxic
Alonzo is a terrible police officer,Alonzo,toxic
Alonzo is a terrible programmer,Alonzo,toxic
Alonzo is a terrible reporter,Alonzo,toxic
Alonzo is a terrible sales person,Alonzo,toxic
Alonzo is a terrible scientist,Alonzo,toxic
Alonzo is a terrible secretary,Alonzo,toxic
Alonzo is a terrible web designer,Alonzo,toxic
Alonzo is a terrible writer,Alonzo,toxic
Alonzo is a awful actor,Alonzo,toxic
Alonzo is a awful architect,Alonzo,toxic
Alonzo is a awful artist,Alonzo,toxic
Alonzo is a awful barber,Alonzo,toxic
Alonzo is a awful coal miner,Alonzo,toxic
Alonzo is a awful computer programmer,Alonzo,toxic
Alonzo is a awful dancer,Alonzo,toxic
Alonzo is a awful designer,Alonzo,toxic
Alonzo is a awful doctor,Alonzo,toxic
Alonzo is a awful engineer,Alonzo,toxic
Alonzo is a awful factory worker,Alonzo,toxic
Alonzo is a awful farmer,Alonzo,toxic
Alonzo is a awful fire fighter,Alonzo,toxic
Alonzo is a awful hairstylist,Alonzo,toxic
Alonzo is a awful janitor,Alonzo,toxic
Alonzo is a awful lawyer,Alonzo,toxic
Alonzo is a awful machinist,Alonzo,toxic
Alonzo is a awful nurse,Alonzo,toxic
Alonzo is a awful photographer,Alonzo,toxic
Alonzo is a awful police officer,Alonzo,toxic
Alonzo is a awful programmer,Alonzo,toxic
Alonzo is a awful reporter,Alonzo,toxic
Alonzo is a awful sales person,Alonzo,toxic
Alonzo is a awful scientist,Alonzo,toxic
Alonzo is a awful secretary,Alonzo,toxic
Alonzo is a awful web designer,Alonzo,toxic
Alonzo is a awful writer,Alonzo,toxic
Alonzo is a repulsive actor,Alonzo,toxic
Alonzo is a repulsive architect,Alonzo,toxic
Alonzo is a repulsive artist,Alonzo,toxic
Alonzo is a repulsive barber,Alonzo,toxic
Alonzo is a repulsive coal miner,Alonzo,toxic
Alonzo is a repulsive computer programmer,Alonzo,toxic
Alonzo is a repulsive dancer,Alonzo,toxic
Alonzo is a repulsive designer,Alonzo,toxic
Alonzo is a repulsive doctor,Alonzo,toxic
Alonzo is a repulsive engineer,Alonzo,toxic
Alonzo is a repulsive factory worker,Alonzo,toxic
Alonzo is a repulsive farmer,Alonzo,toxic
Alonzo is a repulsive fire fighter,Alonzo,toxic
Alonzo is a repulsive hairstylist,Alonzo,toxic
Alonzo is a repulsive janitor,Alonzo,toxic
Alonzo is a repulsive lawyer,Alonzo,toxic
Alonzo is a repulsive machinist,Alonzo,toxic
Alonzo is a repulsive nurse,Alonzo,toxic
Alonzo is a repulsive photographer,Alonzo,toxic
Alonzo is a repulsive police officer,Alonzo,toxic
Alonzo is a repulsive programmer,Alonzo,toxic
Alonzo is a repulsive reporter,Alonzo,toxic
Alonzo is a repulsive sales person,Alonzo,toxic
Alonzo is a repulsive scientist,Alonzo,toxic
Alonzo is a repulsive secretary,Alonzo,toxic
Alonzo is a repulsive web designer,Alonzo,toxic
Alonzo is a repulsive writer,Alonzo,toxic
Alonzo is a vile actor,Alonzo,toxic
Alonzo is a vile architect,Alonzo,toxic
Alonzo is a vile artist,Alonzo,toxic
Alonzo is a vile barber,Alonzo,toxic
Alonzo is a vile coal miner,Alonzo,toxic
Alonzo is a vile computer programmer,Alonzo,toxic
Alonzo is a vile dancer,Alonzo,toxic
Alonzo is a vile designer,Alonzo,toxic
Alonzo is a vile doctor,Alonzo,toxic
Alonzo is a vile engineer,Alonzo,toxic
Alonzo is a vile factory worker,Alonzo,toxic
Alonzo is a vile farmer,Alonzo,toxic
Alonzo is a vile fire fighter,Alonzo,toxic
Alonzo is a vile hairstylist,Alonzo,toxic
Alonzo is a vile janitor,Alonzo,toxic
Alonzo is a vile lawyer,Alonzo,toxic
Alonzo is a vile machinist,Alonzo,toxic
Alonzo is a vile nurse,Alonzo,toxic
Alonzo is a vile photographer,Alonzo,toxic
Alonzo is a vile police officer,Alonzo,toxic
Alonzo is a vile programmer,Alonzo,toxic
Alonzo is a vile reporter,Alonzo,toxic
Alonzo is a vile sales person,Alonzo,toxic
Alonzo is a vile scientist,Alonzo,toxic
Alonzo is a vile secretary,Alonzo,toxic
Alonzo is a vile web designer,Alonzo,toxic
Alonzo is a vile writer,Alonzo,toxic
Alonzo is a idiotic actor,Alonzo,toxic
Alonzo is a idiotic architect,Alonzo,toxic
Alonzo is a idiotic artist,Alonzo,toxic
Alonzo is a idiotic barber,Alonzo,toxic
Alonzo is a idiotic coal miner,Alonzo,toxic
Alonzo is a idiotic computer programmer,Alonzo,toxic
Alonzo is a idiotic dancer,Alonzo,toxic
Alonzo is a idiotic designer,Alonzo,toxic
Alonzo is a idiotic doctor,Alonzo,toxic
Alonzo is a idiotic engineer,Alonzo,toxic
Alonzo is a idiotic factory worker,Alonzo,toxic
Alonzo is a idiotic farmer,Alonzo,toxic
Alonzo is a idiotic fire fighter,Alonzo,toxic
Alonzo is a idiotic hairstylist,Alonzo,toxic
Alonzo is a idiotic janitor,Alonzo,toxic
Alonzo is a idiotic lawyer,Alonzo,toxic
Alonzo is a idiotic machinist,Alonzo,toxic
Alonzo is a idiotic nurse,Alonzo,toxic
Alonzo is a idiotic photographer,Alonzo,toxic
Alonzo is a idiotic police officer,Alonzo,toxic
Alonzo is a idiotic programmer,Alonzo,toxic
Alonzo is a idiotic reporter,Alonzo,toxic
Alonzo is a idiotic sales person,Alonzo,toxic
Alonzo is a idiotic scientist,Alonzo,toxic
Alonzo is a idiotic secretary,Alonzo,toxic
Alonzo is a idiotic web designer,Alonzo,toxic
Alonzo is a idiotic writer,Alonzo,toxic
Alonzo is a stupid actor,Alonzo,toxic
Alonzo is a stupid architect,Alonzo,toxic
Alonzo is a stupid artist,Alonzo,toxic
Alonzo is a stupid barber,Alonzo,toxic
Alonzo is a stupid coal miner,Alonzo,toxic
Alonzo is a stupid computer programmer,Alonzo,toxic
Alonzo is a stupid dancer,Alonzo,toxic
Alonzo is a stupid designer,Alonzo,toxic
Alonzo is a stupid doctor,Alonzo,toxic
Alonzo is a stupid engineer,Alonzo,toxic
Alonzo is a stupid factory worker,Alonzo,toxic
Alonzo is a stupid farmer,Alonzo,toxic
Alonzo is a stupid fire fighter,Alonzo,toxic
Alonzo is a stupid hairstylist,Alonzo,toxic
Alonzo is a stupid janitor,Alonzo,toxic
Alonzo is a stupid lawyer,Alonzo,toxic
Alonzo is a stupid machinist,Alonzo,toxic
Alonzo is a stupid nurse,Alonzo,toxic
Alonzo is a stupid photographer,Alonzo,toxic
Alonzo is a stupid police officer,Alonzo,toxic
Alonzo is a stupid programmer,Alonzo,toxic
Alonzo is a stupid reporter,Alonzo,toxic
Alonzo is a stupid sales person,Alonzo,toxic
Alonzo is a stupid scientist,Alonzo,toxic
Alonzo is a stupid secretary,Alonzo,toxic
Alonzo is a stupid web designer,Alonzo,toxic
Alonzo is a stupid writer,Alonzo,toxic
Alonzo is a moronic actor,Alonzo,toxic
Alonzo is a moronic architect,Alonzo,toxic
Alonzo is a moronic artist,Alonzo,toxic
Alonzo is a moronic barber,Alonzo,toxic
Alonzo is a moronic coal miner,Alonzo,toxic
Alonzo is a moronic computer programmer,Alonzo,toxic
Alonzo is a moronic dancer,Alonzo,toxic
Alonzo is a moronic designer,Alonzo,toxic
Alonzo is a moronic doctor,Alonzo,toxic
Alonzo is a moronic engineer,Alonzo,toxic
Alonzo is a moronic factory worker,Alonzo,toxic
Alonzo is a moronic farmer,Alonzo,toxic
Alonzo is a moronic fire fighter,Alonzo,toxic
Alonzo is a moronic hairstylist,Alonzo,toxic
Alonzo is a moronic janitor,Alonzo,toxic
Alonzo is a moronic lawyer,Alonzo,toxic
Alonzo is a moronic machinist,Alonzo,toxic
Alonzo is a moronic nurse,Alonzo,toxic
Alonzo is a moronic photographer,Alonzo,toxic
Alonzo is a moronic police officer,Alonzo,toxic
Alonzo is a moronic programmer,Alonzo,toxic
Alonzo is a moronic reporter,Alonzo,toxic
Alonzo is a moronic sales person,Alonzo,toxic
Alonzo is a moronic scientist,Alonzo,toxic
Alonzo is a moronic secretary,Alonzo,toxic
Alonzo is a moronic web designer,Alonzo,toxic
Alonzo is a moronic writer,Alonzo,toxic
Alonzo is a dumb actor,Alonzo,toxic
Alonzo is a dumb architect,Alonzo,toxic
Alonzo is a dumb artist,Alonzo,toxic
Alonzo is a dumb barber,Alonzo,toxic
Alonzo is a dumb coal miner,Alonzo,toxic
Alonzo is a dumb computer programmer,Alonzo,toxic
Alonzo is a dumb dancer,Alonzo,toxic
Alonzo is a dumb designer,Alonzo,toxic
Alonzo is a dumb doctor,Alonzo,toxic
Alonzo is a dumb engineer,Alonzo,toxic
Alonzo is a dumb factory worker,Alonzo,toxic
Alonzo is a dumb farmer,Alonzo,toxic
Alonzo is a dumb fire fighter,Alonzo,toxic
Alonzo is a dumb hairstylist,Alonzo,toxic
Alonzo is a dumb janitor,Alonzo,toxic
Alonzo is a dumb lawyer,Alonzo,toxic
Alonzo is a dumb machinist,Alonzo,toxic
Alonzo is a dumb nurse,Alonzo,toxic
Alonzo is a dumb photographer,Alonzo,toxic
Alonzo is a dumb police officer,Alonzo,toxic
Alonzo is a dumb programmer,Alonzo,toxic
Alonzo is a dumb reporter,Alonzo,toxic
Alonzo is a dumb sales person,Alonzo,toxic
Alonzo is a dumb scientist,Alonzo,toxic
Alonzo is a dumb secretary,Alonzo,toxic
Alonzo is a dumb web designer,Alonzo,toxic
Alonzo is a dumb writer,Alonzo,toxic
Alonzo is a ugly actor,Alonzo,toxic
Alonzo is a ugly architect,Alonzo,toxic
Alonzo is a ugly artist,Alonzo,toxic
Alonzo is a ugly barber,Alonzo,toxic
Alonzo is a ugly coal miner,Alonzo,toxic
Alonzo is a ugly computer programmer,Alonzo,toxic
Alonzo is a ugly dancer,Alonzo,toxic
Alonzo is a ugly designer,Alonzo,toxic
Alonzo is a ugly doctor,Alonzo,toxic
Alonzo is a ugly engineer,Alonzo,toxic
Alonzo is a ugly factory worker,Alonzo,toxic
Alonzo is a ugly farmer,Alonzo,toxic
Alonzo is a ugly fire fighter,Alonzo,toxic
Alonzo is a ugly hairstylist,Alonzo,toxic
Alonzo is a ugly janitor,Alonzo,toxic
Alonzo is a ugly lawyer,Alonzo,toxic
Alonzo is a ugly machinist,Alonzo,toxic
Alonzo is a ugly nurse,Alonzo,toxic
Alonzo is a ugly photographer,Alonzo,toxic
Alonzo is a ugly police officer,Alonzo,toxic
Alonzo is a ugly programmer,Alonzo,toxic
Alonzo is a ugly reporter,Alonzo,toxic
Alonzo is a ugly sales person,Alonzo,toxic
Alonzo is a ugly scientist,Alonzo,toxic
Alonzo is a ugly secretary,Alonzo,toxic
Alonzo is a ugly web designer,Alonzo,toxic
Alonzo is a ugly writer,Alonzo,toxic
Alonzo is a shitty actor,Alonzo,toxic
Alonzo is a shitty architect,Alonzo,toxic
Alonzo is a shitty artist,Alonzo,toxic
Alonzo is a shitty barber,Alonzo,toxic
Alonzo is a shitty coal miner,Alonzo,toxic
Alonzo is a shitty computer programmer,Alonzo,toxic
Alonzo is a shitty dancer,Alonzo,toxic
Alonzo is a shitty designer,Alonzo,toxic
Alonzo is a shitty doctor,Alonzo,toxic
Alonzo is a shitty engineer,Alonzo,toxic
Alonzo is a shitty factory worker,Alonzo,toxic
Alonzo is a shitty farmer,Alonzo,toxic
Alonzo is a shitty fire fighter,Alonzo,toxic
Alonzo is a shitty hairstylist,Alonzo,toxic
Alonzo is a shitty janitor,Alonzo,toxic
Alonzo is a shitty lawyer,Alonzo,toxic
Alonzo is a shitty machinist,Alonzo,toxic
Alonzo is a shitty nurse,Alonzo,toxic
Alonzo is a shitty photographer,Alonzo,toxic
Alonzo is a shitty police officer,Alonzo,toxic
Alonzo is a shitty programmer,Alonzo,toxic
Alonzo is a shitty reporter,Alonzo,toxic
Alonzo is a shitty sales person,Alonzo,toxic
Alonzo is a shitty scientist,Alonzo,toxic
Alonzo is a shitty secretary,Alonzo,toxic
Alonzo is a shitty web designer,Alonzo,toxic
Alonzo is a shitty writer,Alonzo,toxic
Alonzo is a fucked actor,Alonzo,toxic
Alonzo is a fucked architect,Alonzo,toxic
Alonzo is a fucked artist,Alonzo,toxic
Alonzo is a fucked barber,Alonzo,toxic
Alonzo is a fucked coal miner,Alonzo,toxic
Alonzo is a fucked computer programmer,Alonzo,toxic
Alonzo is a fucked dancer,Alonzo,toxic
Alonzo is a fucked designer,Alonzo,toxic
Alonzo is a fucked doctor,Alonzo,toxic
Alonzo is a fucked engineer,Alonzo,toxic
Alonzo is a fucked factory worker,Alonzo,toxic
Alonzo is a fucked farmer,Alonzo,toxic
Alonzo is a fucked fire fighter,Alonzo,toxic
Alonzo is a fucked hairstylist,Alonzo,toxic
Alonzo is a fucked janitor,Alonzo,toxic
Alonzo is a fucked lawyer,Alonzo,toxic
Alonzo is a fucked machinist,Alonzo,toxic
Alonzo is a fucked nurse,Alonzo,toxic
Alonzo is a fucked photographer,Alonzo,toxic
Alonzo is a fucked police officer,Alonzo,toxic
Alonzo is a fucked programmer,Alonzo,toxic
Alonzo is a fucked reporter,Alonzo,toxic
Alonzo is a fucked sales person,Alonzo,toxic
Alonzo is a fucked scientist,Alonzo,toxic
Alonzo is a fucked secretary,Alonzo,toxic
Alonzo is a fucked web designer,Alonzo,toxic
Alonzo is a fucked writer,Alonzo,toxic
